{
  "name": "jquery.easy-pie-chart",
  "version": "2.1.6",
  "main": [
    "dist/jquery.easypiechart.js"
  ],
  "ignore": [
    "demo",
    ".editorconfig"
  ],
  "dependencies": {
    "jquery": ">=1.9.0",
    "requirejs": "~2.1.10"
  },
  "devDependencies": {
    "angular": "~1.2.9",
    "angular-mocks": "~1.2.9"
  },
  "homepage": "https://github.com/rendro/easy-pie-chart",
  "_release": "2.1.6",
  "_resolution": {
    "type": "version",
    "tag": "2.1.6",
    "commit": "29636bc1cc0ecbd8de9490525724a12dbf723888"
  },
  "_source": "https://github.com/rendro/easy-pie-chart.git",
  "_target": "~2.1.6",
  "_originalSource": "jquery.easy-pie-chart"
}